Horizon,TSS,Threshold,Samples,Positives
6h,0.833248673523273,0.17416829745596868,5716,35
12h,0.8312352663837812,0.19422778487205505,5716,60
24h,0.8117216117216117,0.22805780172348022,5716,91
